,name,regression_quality
42930,27583_left.jpeg,0.0046598562039434
25276,5762_left.jpeg,0.0980950072407722
21845,29586_right.jpeg,0.1981754153966903
17895,9612_left.jpeg,0.2994989156723022
22321,13756_left.jpeg,0.3950309753417969
30869,42867_left.jpeg,0.4994503557682037
13304,41316_left.jpeg,0.599470853805542
32597,16362_right.jpeg,0.6956831812858582
36817,35274_right.jpeg,0.7963212728500366
20647,30792_right.jpeg,0.9045361876487732
28891,9457_right.jpeg,1.0
